<application>
  <component name="ProjectJdkTable">
    <jdk version="2">
      <name value="Python 3.7_32" />
      <type value="Python SDK" />
      <version value="Python 3.7.0" />
      <homePath value="C:\Users\nicla\.virtualenvs\webMAN_Classics_Maker_lazy.py\Scripts\python.exe" />
      <roots>
        <classPath>
          <root type="composite">
            <root url="file://C:/Python37-32/DLLs" type="simple" />
            <root url="file://C:/Python37-32/Lib" type="simple" />
            <root url="file://C:/Python37-32" type="simple" />
            <root url="file://$USER_HOME$/.virtualenvs/webMAN_Classics_Maker_lazy.py" type="simple" />
            <root url="file://$USER_HOME$/.virtualenvs/webMAN_Classics_Maker_lazy.py/Lib/site-packages" type="simple" />
            <root url="jar://$USER_HOME$/.virtualenvs/webMAN_Classics_Maker_lazy.py/Lib/site-packages/setuptools-39.1.0-py3.7.egg!/" type="simple" />
            <root url="file://$USER_HOME$/.virtualenvs/webMAN_Classics_Maker_lazy.py/Lib/site-packages/pip-10.0.1-py3.7.egg" type="simple" />
            <root url="file://$USER_HOME$/.PyCharmCE2018.3/system/python_stubs/1732207950" type="simple" />
            <root url="file://$APPLICATION_HOME_DIR$/helpers/python-skeletons" type="simple" />
            <root url="file://$APPLICATION_HOME_DIR$/helpers/typeshed/stdlib/3" type="simple" />
            <root url="file://$APPLICATION_HOME_DIR$/helpers/typeshed/stdlib/2and3" type="simple" />
            <root url="file://$APPLICATION_HOME_DIR$/helpers/typeshed/third_party/3" type="simple" />
            <root url="file://$APPLICATION_HOME_DIR$/helpers/typeshed/third_party/2and3" type="simple" />
          </root>
        </classPath>
        <sourcePath>
          <root type="composite" />
        </sourcePath>
      </roots>
      <additional ASSOCIATED_PROJECT_PATH="$USER_HOME$/Projects/Webman-Classics-Maker/resources/tools/wcm_gui/webMAN_Classics_Maker_lazy.py" />
    </jdk>
    <jdk version="2">
      <name value="Python 2.7_32" />
      <type value="Python SDK" />
      <version value="Python 2.7.15" />
      <homePath value="C:\Users\nicla\.virtualenvs\webman_pkg.py\Scripts\python.exe" />
      <roots>
        <classPath>
          <root type="composite">
            <root url="file://$USER_HOME$/.virtualenvs/webman_pkg.py/Lib" type="simple" />
            <root url="file://$USER_HOME$/.virtualenvs/webman_pkg.py/Scripts" type="simple" />
            <root url="file://C:/Python27/Lib" type="simple" />
            <root url="file://C:/Python27/DLLs" type="simple" />
            <root url="file://C:/Python27/Lib/lib-tk" type="simple" />
            <root url="file://$USER_HOME$/.virtualenvs/webman_pkg.py" type="simple" />
            <root url="file://$USER_HOME$/.virtualenvs/webman_pkg.py/Lib/site-packages" type="simple" />
            <root url="file://$USER_HOME$/.PyCharmCE2018.3/system/python_stubs/1876852365" type="simple" />
            <root url="file://$APPLICATION_HOME_DIR$/helpers/python-skeletons" type="simple" />
            <root url="file://$APPLICATION_HOME_DIR$/helpers/typeshed/stdlib/2" type="simple" />
            <root url="file://$APPLICATION_HOME_DIR$/helpers/typeshed/stdlib/2and3" type="simple" />
            <root url="file://$APPLICATION_HOME_DIR$/helpers/typeshed/third_party/2" type="simple" />
            <root url="file://$APPLICATION_HOME_DIR$/helpers/typeshed/third_party/2and3" type="simple" />
          </root>
        </classPath>
        <sourcePath>
          <root type="composite" />
        </sourcePath>
      </roots>
      <additional ASSOCIATED_PROJECT_PATH="$USER_HOME$/Projects/Webman-Classics-Maker/resources/tools/util_scripts/webman_pkg.py" />
    </jdk>
    <jdk version="2">
      <name value="Python 2.7_64" />
      <type value="Python SDK" />
      <version value="Python 2.7.15" />
      <homePath value="C:\Python27_64\python.exe" />
      <roots>
        <classPath>
          <root type="composite">
            <root url="file://C:/Python27_64/DLLs" type="simple" />
            <root url="file://C:/Python27_64/Lib" type="simple" />
            <root url="file://C:/Python27_64/Lib/lib-tk" type="simple" />
            <root url="file://C:/Python27_64" type="simple" />
            <root url="file://C:/Python27_64/Lib/site-packages" type="simple" />
            <root url="file://$USER_HOME$/.PyCharmCE2018.3/system/python_stubs/1614341931" type="simple" />
            <root url="file://$APPLICATION_HOME_DIR$/helpers/python-skeletons" type="simple" />
            <root url="file://$APPLICATION_HOME_DIR$/helpers/typeshed/stdlib/2" type="simple" />
            <root url="file://$APPLICATION_HOME_DIR$/helpers/typeshed/stdlib/2and3" type="simple" />
            <root url="file://$APPLICATION_HOME_DIR$/helpers/typeshed/third_party/2" type="simple" />
            <root url="file://$APPLICATION_HOME_DIR$/helpers/typeshed/third_party/2and3" type="simple" />
          </root>
        </classPath>
        <sourcePath>
          <root type="composite" />
        </sourcePath>
      </roots>
      <additional />
    </jdk>
    <jdk version="2">
      <name value="Python 3.7_64" />
      <type value="Python SDK" />
      <version value="Python 3.7.0" />
      <homePath value="C:\Python37_64\python.exe" />
      <roots>
        <classPath>
          <root type="composite">
            <root url="file://C:/Python37_64/DLLs" type="simple" />
            <root url="file://C:/Python37_64/Lib" type="simple" />
            <root url="file://C:/Python37_64" type="simple" />
            <root url="file://C:/Python37_64/Lib/site-packages" type="simple" />
            <root url="file://$USER_HOME$/.PyCharmCE2018.3/system/python_stubs/1103807754" type="simple" />
            <root url="file://$APPLICATION_HOME_DIR$/helpers/python-skeletons" type="simple" />
            <root url="file://$APPLICATION_HOME_DIR$/helpers/typeshed/stdlib/3" type="simple" />
            <root url="file://$APPLICATION_HOME_DIR$/helpers/typeshed/stdlib/2and3" type="simple" />
            <root url="file://$APPLICATION_HOME_DIR$/helpers/typeshed/third_party/3" type="simple" />
            <root url="file://$APPLICATION_HOME_DIR$/helpers/typeshed/third_party/2and3" type="simple" />
          </root>
        </classPath>
        <sourcePath>
          <root type="composite" />
        </sourcePath>
      </roots>
      <additional />
    </jdk>
    <jdk version="2">
      <name value="Python 3.5_64" />
      <type value="Python SDK" />
      <version value="Python 3.5.0" />
      <homePath value="C:\Python35_64\python.exe" />
      <roots>
        <classPath>
          <root type="composite">
            <root url="file://C:/Python35_64/DLLs" type="simple" />
            <root url="file://C:/Python35_64/Lib" type="simple" />
            <root url="file://C:/Python35_64" type="simple" />
            <root url="file://C:/Python35_64/Lib/site-packages" type="simple" />
            <root url="file://$USER_HOME$/.PyCharmCE2018.3/system/python_stubs/-1911295864" type="simple" />
            <root url="file://$APPLICATION_HOME_DIR$/helpers/python-skeletons" type="simple" />
            <root url="file://$APPLICATION_HOME_DIR$/helpers/typeshed/stdlib/3" type="simple" />
            <root url="file://$APPLICATION_HOME_DIR$/helpers/typeshed/stdlib/2and3" type="simple" />
            <root url="file://$APPLICATION_HOME_DIR$/helpers/typeshed/third_party/3" type="simple" />
            <root url="file://$APPLICATION_HOME_DIR$/helpers/typeshed/third_party/2and3" type="simple" />
          </root>
        </classPath>
        <sourcePath>
          <root type="composite" />
        </sourcePath>
      </roots>
      <additional />
    </jdk>
    <jdk version="2">
      <name value="Python 2.6" />
      <type value="Python SDK" />
      <version value="Python 2.6.5" />
      <homePath value="C:\Python26_64\python.exe" />
      <roots>
        <classPath>
          <root type="composite">
            <root url="file://C:/Python26_64/DLLs" type="simple" />
            <root url="file://C:/Python26_64/Lib" type="simple" />
            <root url="file://C:/Python26_64/Lib/lib-tk" type="simple" />
            <root url="file://C:/Python26_64" type="simple" />
            <root url="file://C:/Python26_64/Lib/site-packages" type="simple" />
            <root url="file://$USER_HOME$/.PyCharmCE2018.3/system/python_stubs/106790122" type="simple" />
            <root url="file://$APPLICATION_HOME_DIR$/helpers/python-skeletons" type="simple" />
            <root url="file://$APPLICATION_HOME_DIR$/helpers/typeshed/stdlib/2" type="simple" />
            <root url="file://$APPLICATION_HOME_DIR$/helpers/typeshed/stdlib/2and3" type="simple" />
            <root url="file://$APPLICATION_HOME_DIR$/helpers/typeshed/third_party/2" type="simple" />
            <root url="file://$APPLICATION_HOME_DIR$/helpers/typeshed/third_party/2and3" type="simple" />
          </root>
        </classPath>
        <sourcePath>
          <root type="composite" />
        </sourcePath>
      </roots>
      <additional />
    </jdk>
    <jdk version="2">
      <name value="Python 2.7" />
      <type value="Python SDK" />
      <version value="Python 2.7.12" />
      <homePath value="C:\Python27-12_64\python.exe" />
      <roots>
        <classPath>
          <root type="composite">
            <root url="file://C:/Python27-12_64/DLLs" type="simple" />
            <root url="file://C:/Python27-12_64/Lib" type="simple" />
            <root url="file://C:/Python27-12_64/Lib/lib-tk" type="simple" />
            <root url="file://C:/Python27-12_64" type="simple" />
            <root url="file://C:/Python27-12_64/Lib/site-packages" type="simple" />
            <root url="file://$USER_HOME$/.PyCharmCE2018.3/system/python_stubs/-1521172313" type="simple" />
            <root url="file://$APPLICATION_HOME_DIR$/helpers/python-skeletons" type="simple" />
            <root url="file://$APPLICATION_HOME_DIR$/helpers/typeshed/stdlib/2" type="simple" />
            <root url="file://$APPLICATION_HOME_DIR$/helpers/typeshed/stdlib/2and3" type="simple" />
            <root url="file://$APPLICATION_HOME_DIR$/helpers/typeshed/third_party/2" type="simple" />
            <root url="file://$APPLICATION_HOME_DIR$/helpers/typeshed/third_party/2and3" type="simple" />
          </root>
        </classPath>
        <sourcePath>
          <root type="composite" />
        </sourcePath>
      </roots>
      <additional />
    </jdk>
  </component>
</application>