<application>
  <component name="PropertiesComponent">
    <property name="Copy.OpenInEditor" value="true" />
    <property name="ExpandBeforeRunStepsPanel" value="true" />
    <property name="ExpandRunDashboardTypesPanel" value="false" />
    <property name="KEYMAP" value="highli&#10;highlight&#10;add selection&#10;next&#10;find nex" />
    <property name="PyCharm.InitialConfiguration" value="true" />
    <property name="PyCharm.InitialConfiguration.V2" value="true" />
    <property name="PyCharm.InitialConfiguration.V3" value="true" />
    <property name="PyCharm.InitialConfiguration.V4" value="true" />
    <property name="PyCharm.InitialConfiguration.V5" value="true" />
    <property name="PyCharm.InitialConfiguration.V6" value="true" />
    <property name="PyCharm.InitialConfiguration.V7" value="true" />
    <property name="PyCharm.initialConfigurationShown" value="true" />
    <property name="SettingsSearchHistory" value="Tab,Indent" />
    <property name="file.chooser.recent.files" value="$USER_HOME$/Projects/Webman-Classics-Maker&#10;C:/Users/nicla/Projects/Webman-Classics-Maker/resources/tools/wcm_gui&#10;C:/Users/nicla/Projects/Webman-Classics-Maker/resources/tools/util_scripts/game_lister.py&#10;C:/Users/nicla/Projects/Webman-Classics-Maker/resources/tools/util_scripts/scraper_datacenter.py&#10;C:/Users/nicla/Projects/Webman-Classics-Maker/resources/tools/util_scripts/ftp_game_list_v2.py&#10;C:/Users/nicla/Projects/Webman-Classics-Maker/resources/tools/wcm_gui/webMAN_Classics_Maker_lazy.py&#10;C:/Users/nicla/Projects/Webman-Classics-Maker/resources/tools/util_scripts/build_all_scripts.py&#10;C:/Users/nicla/Projects/Webman-Classics-Maker/resources/tools/util_scripts/pkg.py&#10;C:/Python27-12_64/python.exe&#10;C:/Python26_64/python.exe&#10;C:/Python35_64/python.exe&#10;C:/Python37_64/python.exe&#10;C:/Users/nicla/Projects/Webman-Classics-Maker/resources/tools/util_scripts/webman_pkg.py&#10;C:/Users/nicla/Projects/Webman-Classics-Maker/resources/tools/wcm_gui/pillow_egg_27_32/pillow.py&#10;C:/Users/nicla/Projects/Webman-Classics-Maker/resources/tools/wcm_gui/pillow_egg_37_32/pillow.py&#10;C:/Users/nicla/Projects/Webman-Classics-Maker/resources/tools/wcm_gui/webMAN_Classics_Maker_lazy_2.py&#10;C:/Users/nicla/Projects/Webman-Classics-Maker/resources/tools/wcm_gui/pillow_egg/pillow_egg.py" />
    <property name="file.gist.reindex.count" value="12773" />
    <property name="fileTypeChangedCounter" value="1" />
    <property name="lastTip" value="2" />
  </component>
  <component name="PyTestFrameworkService">
    <option name="SDK_TO_PYTEST">
      <map>
        <entry key="C:\Python26_64\python.exe" value="false" />
        <entry key="C:\Python27-12_64\python.exe" value="false" />
        <entry key="C:\Python27_64\python.exe" value="false" />
        <entry key="C:\Python35_64\python.exe" value="false" />
        <entry key="C:\Python37_64\python.exe" value="false" />
        <entry key="C:\Users\nicla\.virtualenvs\webMAN_Classics_Maker_lazy.py\Scripts\python.exe" value="false" />
      </map>
    </option>
    <option name="SDK_TO_NOSETEST">
      <map>
        <entry key="C:\Python26_64\python.exe" value="false" />
        <entry key="C:\Python27-12_64\python.exe" value="false" />
        <entry key="C:\Python27_64\python.exe" value="false" />
        <entry key="C:\Python35_64\python.exe" value="false" />
        <entry key="C:\Python37_64\python.exe" value="false" />
        <entry key="C:\Users\nicla\.virtualenvs\webMAN_Classics_Maker_lazy.py\Scripts\python.exe" value="false" />
      </map>
    </option>
    <option name="SDK_TO_TRIALTEST">
      <map>
        <entry key="C:\Python26_64\python.exe" value="false" />
        <entry key="C:\Python27-12_64\python.exe" value="false" />
        <entry key="C:\Python27_64\python.exe" value="false" />
        <entry key="C:\Python35_64\python.exe" value="false" />
        <entry key="C:\Python37_64\python.exe" value="false" />
        <entry key="C:\Users\nicla\.virtualenvs\webMAN_Classics_Maker_lazy.py\Scripts\python.exe" value="false" />
      </map>
    </option>
  </component>
</application>