<keymap version="1" name="Eclipse copy" parent="Eclipse">
  <action id="CommentByBlockComment" />
  <action id="CommentByLineComment">
    <keyboard-shortcut first-keystroke="ctrl q" />
  </action>
  <action id="EditorSelectWord">
    <mouse-shortcut keystroke="shift button143" />
  </action>
  <action id="EditorUnSelectWord">
    <mouse-shortcut keystroke="shift button142" />
  </action>
  <action id="FindWordAtCaret">
    <keyboard-shortcut first-keystroke="ctrl f12" />
    <keyboard-shortcut first-keystroke="ctrl k" />
  </action>
  <action id="JumpToLastChange" />
  <action id="Macro.word_to_context">
    <mouse-shortcut keystroke="button1 doubleClick" />
  </action>
</keymap>